class;attribute;column_name;dom_type;rules;list_source;value_source;name;description;decimals;internal notes (SVSV the code doesn't read from here – delete from here on);name_en;name_it;desc_en;desc_it;name;description
patient;id;;hidden;;;;"{""it"":""id"",""en"":""id""}";"{""it"":"""",""en"":""""}";;;id;id;;;"{""it"":""id"",""en"":""id""}";"{""it"":"""",""en"":""""}"
patient;parent;;select;required|exists:centers,id;select NULL AS id,'' AS centers_description UNION select id,centers_description from centers_;;"{""it"":""centro"",""en"":""center""}";"{""it"":""attuale/ultimo centro del paziente"",""en"":""current/last center following the patient""}";;;center;centro;current/last center following the patient;attuale/ultimo centro del paziente;"{""it"":""centro"",""en"":""center""}";"{""it"":""attuale/ultimo centro del paziente"",""en"":""current/last center following the patient""}"
patient;code;;text;;;;"{""it"":""codice"",""en"":""code""}";"{""it"":""codice paziente assegnato automaticamente"",""en"":""automatically assigned patient id""}";;;code;codice;automatically assigned patient id;codice paziente assegnato automaticamente;"{""it"":""codice"",""en"":""code""}";"{""it"":""codice paziente assegnato automaticamente"",""en"":""automatically assigned patient id""}"
patient;gender;;select;"required|in:""F"",""M""";"["""",""F"",""M""]";;"{""it"":""sesso"",""en"":""gender""}";"{""it"":"""",""en"":""""}";;;gender;sesso;;;"{""it"":""sesso"",""en"":""gender""}";"{""it"":"""",""en"":""""}"
patient;birth_date;;date;required|date;;;"{""it"":""data di nascita"",""en"":""date of birth""}";"{""it"":"""",""en"":""""}";;;date of birth;data di nascita;;;"{""it"":""data di nascita"",""en"":""date of birth""}";"{""it"":"""",""en"":""""}"
patient;birth_place;;text;max:100;;;"{""it"":""luogo di nascita"",""en"":""place of birth""}";"{""it"":"""",""en"":""""}";;;place of birth;luogo di nascita;;;"{""it"":""luogo di nascita"",""en"":""place of birth""}";"{""it"":"""",""en"":""""}"
patient;birth_province;;select;exists:_l_provinces,id;SELECT id, name FROM _l_provinces ORDER BY id;;"{""it"":""provincia di nascita"",""en"":""province of birth""}";"{""it"":"""",""en"":""""}";;;province of birth;provincia di nascita;;;"{""it"":""provincia di nascita"",""en"":""province of birth""}";"{""it"":"""",""en"":""""}"
patient;residence_place;;text;max:100;;;"{""it"":""luogo di residenza"",""en"":""place of residence""}";"{""it"":"""",""en"":""""}";;;place of residence;luogo di residenza;;;"{""it"":""luogo di residenza"",""en"":""place of residence""}";"{""it"":"""",""en"":""""}"
patient;residence_province;;select;exists:_l_provinces,id;SELECT id, name FROM _l_provinces ORDER BY id;;"{""it"":""provincia di residenza"",""en"":""province of residence""}";"{""it"":"""",""en"":""""}";;;province of residence;provincia di residenza;;;"{""it"":""provincia di residenza"",""en"":""province of residence""}";"{""it"":"""",""en"":""""}"
patient;prd;;select;required|exists:_l_primary_renal_diseases,id;"{""it"":""SELECT NULL as id, '' AS name, '' AS type UNION SELECT id, name_it as name,type_it as type FROM _l_primary_renal_diseases ORDER BY type,id"",""en"":""SELECT NULL as id, '' AS name, '' AS type UNION SELECT id, name_en as name,type_en as type FROM _l_primary_renal_diseases ORDER BY type,id""}";;"{""it"":""malattia di base"",""en"":""primary renal disease""}";"{""it"":""Malattia renale primaria"",""en"":""Primary renal disease""}";;;primary renal disease;malattia di base;Primary renal disease;Malattia renale primaria;"{""it"":""malattia di base"",""en"":""primary renal disease""}";"{""it"":""Malattia renale primaria"",""en"":""Primary renal disease""}"
patient;prd_specification;;text;max:150;SELECT DISTINCT prd_specification FROM patients ORDER BY prd_specification;;"{""it"":""specifiche malattia di base"",""en"":""prd specificications""}";"{""it"":"""",""en"":""PRD short description""}";;;prd specificications;specifiche malattia di base;PRD short description;;"{""it"":""specifiche malattia di base"",""en"":""prd specificications""}";"{""it"":"""",""en"":""PRD short description""}"
patient;prd_it_old;;span;;;;"{""it"":""malattia di base (vecchia codifica)"",""en"":""PRD (old code)""}";"{""it"":"""",""en"":""PRD code formerly used by the Italian Registry""}";;old italian registry code;PRD (old code);malattia di base (vecchia codifica);PRD code formerly used by the Italian Registry;;"{""it"":""malattia di base (vecchia codifica)"",""en"":""PRD (old code)""}";"{""it"":"""",""en"":""PRD code formerly used by the Italian Registry""}"
patient;comorbidities;;select;;"{""it"":""SELECT id, name_it FROM _l_comorbidities WHERE active=1 ORDER BY id"",""en"":""SELECT id, name_en FROM _l_comorbidities WHERE active=1 ORDER BY id""}";SELECT patient_id, comorbidity_id FROM patients_comorbidities;"{""it"":""comorbidità"",""en"":""comorbidities""}";"{""it"":"""",""en"":""""}";;;comorbidities;comorbidità;;;"{""it"":""comorbidità"",""en"":""comorbidities""}";"{""it"":"""",""en"":""""}"
patient;comorbidity_specification;;text;max:255;;;"{""it"":""specifiche comorbidità"",""en"":""comorbidities specifications""}";"{""it"":""Breve descrizione del quadro di comorbidità"",""en"":""Optional short description of the comorbidities situation""}";;;comorbidities specifications;specifiche comorbidità;Optional short description of the comorbidities situation;Breve descrizione del quadro di comorbidità;"{""it"":""specifiche comorbidità"",""en"":""comorbidities specifications""}";"{""it"":""Breve descrizione del quadro di comorbidità"",""en"":""Optional short description of the comorbidities situation""}"
patient;last_complete_update;;date;required|date|after:birth_date;;;"{""it"":""completo alla data"",""en"":""last complete update""}";"{""it"":""Ultima data alla quale i dati del paziente sono aggiornati completamente"",""en"":""Most recent date in which all patient data is updated""}";;date up to which available data have been completely inputed;last complete update;completo alla data;Most recent date in which all patient data is updated;Ultima data alla quale i dati del paziente sono aggiornati completamente;"{""it"":""completo alla data"",""en"":""last complete update""}";"{""it"":""Ultima data alla quale i dati del paziente sono aggiornati completamente"",""en"":""Most recent date in which all patient data is updated""}"
patient;oldcenters;oldcenters;custom;;;;"{""it"":""centri precedenti"",""en"":""former centers""}";"{""it"":""centri precedenti del paziente (se parte del registro)"",""en"":""former centers of the patient (if part of the registry)""}";;;former centers;centri precedenti;former centers of the patient (if part of the registry);centri precedenti del paziente (se parte del registro);"{""it"":""centri precedenti"",""en"":""former centers""}";"{""it"":""centri precedenti del paziente (se parte del registro)"",""en"":""former centers of the patient (if part of the registry)""}"
death;id;id;hidden;;;;"{""it"":""id"",""en"":""id""}";"{""it"":"""",""en"":""""}";;;id;id;;;"{""it"":""id"",""en"":""id""}";"{""it"":"""",""en"":""""}"
death;parent;parent;hidden;required|exists:patients,id;;;"{""it"":""parent"",""en"":""parent""}";"{""it"":"""",""en"":""""}";;;parent;parent;;;"{""it"":""parent"",""en"":""parent""}";"{""it"":"""",""en"":""""}"
death;date;date;date;required|date;;;"{""it"":""data"",""en"":""date""}";"{""it"":"""",""en"":""""}";;;date;data;;;"{""it"":""data"",""en"":""date""}";"{""it"":"""",""en"":""""}"
death;cause;cause;select;exists:_l_death_causes,id;"{""en"":""SELECT id, name_en FROM _l_death_causes ORDER BY `group`, id"",""it"":""SELECT id, name_it FROM _l_death_causes ORDER BY `group`, id""}";;"{""it"":""causa"",""en"":""cause""}";"{""it"":"""",""en"":""""}";;;cause;causa;;;"{""it"":""causa"",""en"":""cause""}";"{""it"":"""",""en"":""""}"
death;cause_description;cause_description;text;max:255;;;"{""it"":""causa (specifica)"",""en"":""cause (specifics)""}";"{""it"":"""",""en"":""""}";;;cause (specifics);causa (specifica);;;"{""it"":""causa (specifica)"",""en"":""cause (specifics)""}";"{""it"":"""",""en"":""""}"
death;renal_risk_factors;renal_risk_factors;text;max:255;;;"{""it"":""fattori di rischio renale"",""en"":""renal risk factors""}";"{""it"":"""",""en"":""""}";;;renal risk factors;fattori di rischio renale;;;"{""it"":""fattori di rischio renale"",""en"":""renal risk factors""}";"{""it"":"""",""en"":""""}"
death;other_risk_factors;other_risk_factors;text;max:255;;;"{""it"":""altri fattori di rischio"",""en"":""other risk factors""}";"{""it"":"""",""en"":""""}";;;other risk factors;altri fattori di rischio;;;"{""it"":""altri fattori di rischio"",""en"":""other risk factors""}";"{""it"":"""",""en"":""""}"
death;subsequent_risk_factors;subsequent_risk_factors;text;max:255;;;"{""it"":""fattori di rischio successivi"",""en"":""subsequent risk factors""}";"{""it"":"""",""en"":""""}";;;subsequent risk factors;fattori di rischio successivi;;;"{""it"":""fattori di rischio successivi"",""en"":""subsequent risk factors""}";"{""it"":"""",""en"":""""}"
death;autopsy;autopsy;textarea;max:255;;;"{""it"":""riscontro autoptico"",""en"":""autopsy""}";"{""it"":"""",""en"":""""}";;;autopsy;riscontro autoptico;;;"{""it"":""riscontro autoptico"",""en"":""autopsy""}";"{""it"":"""",""en"":""""}"
treatment;id;id;hidden;;;;"{""it"":""id"",""en"":""id""}";"{""it"":"""",""en"":""""}";;;id;id;;;"{""it"":""id"",""en"":""id""}";"{""it"":"""",""en"":""""}"
treatment;parent;parent;hidden;required|exists:patients,id;;;"{""it"":""paziente"",""en"":""patient""}";"{""it"":"""",""en"":""""}";;;patient;paziente;;;"{""it"":""paziente"",""en"":""patient""}";"{""it"":"""",""en"":""""}"
treatment;start_date;start_date;date;required;;;"{""it"":""inizio"",""en"":""start""}";"{""it"":""data di inizio"",""en"":""start date""}";;;start;inizio;start date;data di inizio;"{""it"":""inizio"",""en"":""start""}";"{""it"":""data di inizio"",""en"":""start date""}"
treatment;end_date;end_date;date;nullable|date|after:start_date;;;"{""it"":""fine"",""en"":""end""}";"{""it"":""data di fine"",""en"":""end date""}";;;end;fine;end date;data di fine;"{""it"":""fine"",""en"":""end""}";"{""it"":""data di fine"",""en"":""end date""}"
treatment;type;type;select;required;"{"""":""-"",""PD"":""PD"",""HD"":""HD"",""TX"":""TX""}";;"{""it"":""tipo"",""en"":""type""}";"{""it"":""PD peritoneale | HD emodialisi"",""en"":""Peritoneal dialysis | Haemodialysis""}";;;type;tipo;Peritoneal dialysis | Haemodialysis;PD peritoneale | HD emodialisi;"{""it"":""tipo"",""en"":""type""}";"{""it"":""PD peritoneale | HD emodialisi"",""en"":""Peritoneal dialysis | Haemodialysis""}"
treatment;creatinine_clearance;creatinine_clearance;number;numeric|min:0|max:20|nullable;;;"{""it"":""clearance creatinina"",""en"":""creatinine cearance""}";"{""it"":""ml/min 1.73m2"",""en"":""ml/min 1.73m2""}";2;;creatinine cearance;clearance creatinina;ml/min 1.73m2;ml/min 1.73m2;"{""it"":""clearance creatinina"",""en"":""creatinine cearance""}";"{""it"":""ml/min 1.73m2"",""en"":""ml/min 1.73m2""}"
treatment;residual_diuresis;residual_diuresis;number;numeric|min:0|max:9999|nullable;;;"{""it"":""diuresi residua"",""en"":""residual diuresis""}";"{""it"":""Diuresi residua a un mese dall'inizio ciclo"",""en"":""residual diuresis one month after treatment start""}";;;residual diuresis;diuresi residua;residual diuresis one month after treatment start;Diuresi residua a un mese dall'inizio ciclo;"{""it"":""diuresi residua"",""en"":""residual diuresis""}";"{""it"":""Diuresi residua a un mese dall'inizio ciclo"",""en"":""residual diuresis one month after treatment start""}"
treatment;urea_clearance;urea_clearance;number;numeric|min:0|max:20|nullable;;;"{""it"":""clearance urea"",""en"":""urea clearance""}";"{""it"":""Clearance urea a un mese dall'inizio ciclo"",""en"":""urea clearance one month from treatment start""}";2;;urea clearance;clearance urea;urea clearance one month from treatment start;Clearance urea a un mese dall'inizio ciclo;"{""it"":""clearance urea"",""en"":""urea clearance""}";"{""it"":""Clearance urea a un mese dall'inizio ciclo"",""en"":""urea clearance one month from treatment start""}"
treatment;former_treatment;former_treatment;select;required;;;"{""it"":""trattamento precedente"",""en"":""former treatment""}";"{""it"":"""",""en"":""""}";;"CT=conservative therapy|PD=peritoneal dialysis|HD= hemodialysis| TP= transplantation]; not redundant because the treatment might have taken place outside of the registry";former treatment;trattamento precedente;;;"{""it"":""trattamento precedente"",""en"":""former treatment""}";"{""it"":"""",""en"":""""}"
treatment;end_cause;end_cause;select;numeric|exists:_l_treatment_end_causes,id|required_with:end_date;"{""en"":""SELECT id,name_en FROM _l_treatment_end_causes ORDER BY id"",""it"":""SELECT id,name_it FROM _l_treatment_end_causes ORDER BY id""}";;"{""it"":""causa di fine trattamento"",""en"":""cause of treatment end""}";"{""it"":""(Trapianto cadavere|vivente|Decesso|CambioTecnica|Ripresa rene|Cambio centro)"",""en"":""(cadaveric transplant|transplant from living|deceased|techinique change|renal recovery|center change)""}";;;cause of treatment end;causa di fine trattamento;(cadaveric transplant|transplant from living|deceased|techinique change|renal recovery|center change);(Trapianto cadavere|vivente|Decesso|CambioTecnica|Ripresa rene|Cambio centro);"{""it"":""causa di fine trattamento"",""en"":""cause of treatment end""}";"{""it"":""(Trapianto cadavere|vivente|Decesso|CambioTecnica|Ripresa rene|Cambio centro)"",""en"":""(cadaveric transplant|transplant from living|deceased|techinique change|renal recovery|center change)""}"
treatment;new_center;new_center;text;;;;"{""it"":""nuovo centro"",""en"":""new center""}";"{""it"":"""",""en"":""""}";;;new center;nuovo centro;;;"{""it"":""nuovo centro"",""en"":""new center""}";"{""it"":"""",""en"":""""}"
treatment;technique_change_cause;technique_change_cause;select;exists:_l_treatment_change_causes,id;"{""en"":""SELECT id,name_en FROM _l_treatment_change_causes ORDER BY id"",""it"":""SELECT id,name_it FROM  _l_treatment_change_causes  ORDER BY id""}";;"{""it"":""causa cambio tecnica"",""en"":""cause of technique change""}";"{""it"":"""",""en"":""""}";;;cause of technique change;causa cambio tecnica;;;"{""it"":""causa cambio tecnica"",""en"":""cause of technique change""}";"{""it"":"""",""en"":""""}"
treatment;technique_change_cause_specification;technique_change_cause_specification;text;max:100;;;"{""it"":""causa cambio tecnica (specificare)"",""en"":""cause of technique change (specify)""}";"{""it"":"""",""en"":""""}";;;cause of technique change (specify);causa cambio tecnica (specificare);;;"{""it"":""causa cambio tecnica (specificare)"",""en"":""cause of technique change (specify)""}";"{""it"":"""",""en"":""""}"
treatment;pd_training_days;pd_training_days;number;numeric|min:0|max:100|nullable;;;"{""it"":""giorni di training peritoneale"",""en"":""days for PD training""}";"{""it"":"""",""en"":""""}";0;;days for PD training;giorni di training peritoneale;;;"{""it"":""giorni di training peritoneale"",""en"":""days for PD training""}";"{""it"":"""",""en"":""""}"
treatment;hd_vascular_access_setup_days;hd_vascular_access_setup_days;number;numeric|min:0|max:100|nullable;;;"{""it"":""giorni preparazione accesso vascolare"",""en"":""days for vascular access setup ""}";"{""it"":"""",""en"":""""}";0;;days for vascular access setup ;giorni preparazione accesso vascolare;;;"{""it"":""giorni preparazione accesso vascolare"",""en"":""days for vascular access setup ""}";"{""it"":"""",""en"":""""}"
treatment;beginning_hospitalization_days;beginning_hospitalization_days;number;numeric|min:0|max:200|nullable;;;"{""it"":""giorni iniziali ricovero"",""en"":""days of hospitalization at start""}";"{""it"":"""",""en"":""""}";0;;days of hospitalization at start;giorni iniziali ricovero;;;"{""it"":""giorni iniziali ricovero"",""en"":""days of hospitalization at start""}";"{""it"":"""",""en"":""""}"
treatment;tx_from;tx_from;select;;;;"{""it"":""tx da"",""en"":""tx from""}";"{""it"":"""",""en"":""""}";;;tx from;tx da;;;"{""it"":""tx da"",""en"":""tx from""}";"{""it"":"""",""en"":""""}"
treatment;tx_failure_cause;tx_failure_cause;select;;"{""en"":""SELECT id, name_en FROM _l_treatment_tx_failure_causes ORDER BY espn_code"",""it"":""SELECT id,name_it  FROM _l_treatment_tx_failure_causes ORDER BY espn_code""}";;"{""it"":""causa fallimento tx"",""en"":""tx failure cause""}";"{""it"":"""",""en"":""""}";;;tx failure cause;causa fallimento tx;;;"{""it"":""causa fallimento tx"",""en"":""tx failure cause""}";"{""it"":"""",""en"":""""}"
treatment;tx_failure_cause_note;tx_failure_cause_note;text;max:100;;;"{""it"":""causa fallimento tx (specifica)"",""en"":""tx failure cause (specify)""}";"{""it"":"""",""en"":""""}";;;tx failure cause (specify);causa fallimento tx (specifica);;;"{""it"":""causa fallimento tx (specifica)"",""en"":""tx failure cause (specify)""}";"{""it"":"""",""en"":""""}"
follow_up;id;id;hidden;;;;"{""it"":""id"",""en"":""id""}";"{""it"":"""",""en"":""""}";;;id;id;;;"{""it"":""id"",""en"":""id""}";"{""it"":"""",""en"":""""}"
follow_up;parent;parent;hidden;required|exists:treatments,id;;;"{""it"":""ciclo"",""en"":""treatment""}";"{""it"":"""",""en"":""""}";;;treatment;ciclo;;;"{""it"":""ciclo"",""en"":""treatment""}";"{""it"":"""",""en"":""""}"
follow_up;time;time;select;numeric|nullable;;;"{""it"":""tempo"",""en"":""time""}";"{""it"":""inizio ciclo, semestre dopo l''-inizio o fine ciclo
inizio ciclo, semestre dopo l-inizio o fine ciclo"",""en"":""either treatment start semester after start or treatment end
either treatment start semester after start or treatment end
either treatment start semester after start or treatment end""}";;;time;tempo;"either treatment start semester after start or treatment end
either treatment start semester after start or treatment end
either treatment start semester after start or treatment end";"inizio ciclo, semestre dopo l''-inizio o fine ciclo
inizio ciclo, semestre dopo l-inizio o fine ciclo";"{""it"":""tempo"",""en"":""time""}";"{""it"":""inizio ciclo, semestre dopo l''-inizio o fine ciclo
inizio ciclo, semestre dopo l-inizio o fine ciclo"",""en"":""either treatment start semester after start or treatment end
either treatment start semester after start or treatment end
either treatment start semester after start or treatment end""}"
follow_up;date;date;date;required|date;;;"{""it"":""data"",""en"":""date""}";"{""it"":""data effettiva di osservazione"",""en"":""actual date of observation""}";;;date;data;actual date of observation;data effettiva di osservazione;"{""it"":""data"",""en"":""date""}";"{""it"":""data effettiva di osservazione"",""en"":""actual date of observation""}"
follow_up;transplantation_list;transplantation_list;select;;"{""en"":""SELECT code, name_en FROM _l_transplantation_list ORDER BY `order`"",""it"":""SELECT code, name_it FROM _l_transplantation_list ORDER BY `order`""}";;"{""it"":""lista trapianti"",""en"":""transplantation list""}";"{""it"":""non inserito|lista attiva|sospeso"",""en"":""not in list|active list|pending""}";;;transplantation list;lista trapianti;not in list|active list|pending;non inserito|lista attiva|sospeso;"{""it"":""lista trapianti"",""en"":""transplantation list""}";"{""it"":""non inserito|lista attiva|sospeso"",""en"":""not in list|active list|pending""}"
pd_connection;id;id;hidden;;;;"{""it"":""id"",""en"":""id""}";"{""it"":"""",""en"":""""}";;;id;id;;;"{""it"":""id"",""en"":""id""}";"{""it"":"""",""en"":""""}"
pd_connection;parent;parent;hidden;required|exists:treatments,id;;;"{""it"":""ciclo"",""en"":""treatment""}";"{""it"":"""",""en"":""""}";;;treatment;ciclo;;;"{""it"":""ciclo"",""en"":""treatment""}";"{""it"":"""",""en"":""""}"
pd_connection;date;date;date;required;;;"{""it"":""data"",""en"":""date""}";"{""it"":"""",""en"":""""}";;;date;data;;;"{""it"":""data"",""en"":""date""}";"{""it"":"""",""en"":""""}"
pd_connection;type;type;select;required;"{""en"":""SELECT id, name_en FROM _l_pd_connections ORDER BY id"",""it"":""SELECT id, name_it FROM _l_pd_connections ORDER BY id""}";;"{""it"":""connessione"",""en"":""connection""}";"{""it"":"""",""en"":""""}";;;connection;connessione;;;"{""it"":""connessione"",""en"":""connection""}";"{""it"":"""",""en"":""""}"
pd_connection;replacement_frequency;replacement_frequency;number;numeric|min:0|max:500|nullable;;;"{""it"":""frequenza sostituzione"",""en"":""replacement frequency""}";"{""it"":""frequenza sostituzione in giorni"",""en"":""replacement frequency in days""}";0;;replacement frequency;frequenza sostituzione;replacement frequency in days;frequenza sostituzione in giorni;"{""it"":""frequenza sostituzione"",""en"":""replacement frequency""}";"{""it"":""frequenza sostituzione in giorni"",""en"":""replacement frequency in days""}"
hd_access;id;id;hidden;;;;"{""it"":""id"",""en"":""id""}";"{""it"":"""",""en"":""""}";;;id;id;;;"{""it"":""id"",""en"":""id""}";"{""it"":"""",""en"":""""}"
hd_access;parent;parent;hidden;required|exists:treatments,id;;;"{""it"":""ciclo"",""en"":""treatment""}";"{""it"":"""",""en"":""""}";;;treatment;ciclo;;;"{""it"":""ciclo"",""en"":""treatment""}";"{""it"":"""",""en"":""""}"
hd_access;date;date;date;required|date;;;"{""it"":""data"",""en"":""date""}";"{""it"":"""",""en"":""""}";;;date;data;;;"{""it"":""data"",""en"":""date""}";"{""it"":"""",""en"":""""}"
hd_access;access;access;select;required;"{""en"":""SELECT id, name_en FROM _l_hd_accesses ORDER BY id"",""it"":""SELECT id, name_it FROM _l_hd_accesses ORDER BY id""}";;"{""it"":""accesso"",""en"":""access""}";"{""it"":"""",""en"":""""}";;;access;accesso;;;"{""it"":""accesso"",""en"":""access""}";"{""it"":"""",""en"":""""}"
hd_access;description;description;text;max:50;;;"{""it"":""specifica"",""en"":""specifications""}";"{""it"":"""",""en"":""""}";;;specifications;specifica;;;"{""it"":""specifica"",""en"":""specifications""}";"{""it"":"""",""en"":""""}"
catheter;id;id;hidden;;;;"{""it"":""id"",""en"":""id""}";"{""it"":"""",""en"":""""}";;;id;id;;;"{""it"":""id"",""en"":""id""}";"{""it"":"""",""en"":""""}"
catheter;parent;parent;hidden;required|exists:treatments,id;;;"{""it"":""ciclo"",""en"":""treatment""}";"{""it"":"""",""en"":""""}";;;treatment;ciclo;;;"{""it"":""ciclo"",""en"":""treatment""}";"{""it"":"""",""en"":""""}"
catheter;date;date;date;required|date;;;"{""it"":""data"",""en"":""date""}";"{""it"":"""",""en"":""""}";;;date;data;;;"{""it"":""data"",""en"":""date""}";"{""it"":"""",""en"":""""}"
catheter;type;type;select;required|exists:_l_catheter_types,id;"{""en"":""SELECT NULL AS id, '' AS name_en UNION SELECT id, name_en FROM _l_catheter_types WHERE id<>0 ORDER BY id"",""it"":""SELECT NULL AS id, '' AS name_it UNION SELECT id, name_it FROM _l_catheter_types WHERE id<>0 ORDER BY id""}";;"{""it"":""tipo"",""en"":""type""}";"{""it"":"""",""en"":""""}";;;type;tipo;;;"{""it"":""tipo"",""en"":""type""}";"{""it"":"""",""en"":""""}"
catheter;surgical_technique;surgical_technique;select;nullable|exists:_l_catheter_surgical_techniques,id;"{""en"":""SELECT NULL AS id, '' AS name_en UNION SELECT id, name_en FROM _l_catheter_surgical_techniques WHERE id<>0 ORDER BY id"",""it"":""SELECT NULL AS id, '' AS name_it UNION SELECT id, name_it FROM _l_catheter_surgical_techniques ORDER BY id""}";;"{""it"":""tecnica chirurgica"",""en"":""surgical technique""}";"{""it"":"""",""en"":""""}";;;surgical technique;tecnica chirurgica;;;"{""it"":""tecnica chirurgica"",""en"":""surgical technique""}";"{""it"":"""",""en"":""""}"
catheter;lumens_number;lumens_number;select;nullable|in:1,2;"["""",1,2]";;"{""it"":""numero manicotti"",""en"":""lumens number""}";"{""it"":"""",""en"":""""}";;;lumens number;numero manicotti;;;"{""it"":""numero manicotti"",""en"":""lumens number""}";"{""it"":"""",""en"":""""}"
catheter;insertion_site_1;insertion_site_1;select;exists:_l_catheter_insertion_sites_1,id;"{""en"":""SELECT id, name_en FROM _l_catheter_insertion_sites_1 ORDER BY id"",""it"":""SELECT id, name_it FROM _l_catheter_insertion_sites_1 ORDER BY id""}";;"{""it"":""sede inserzione"",""en"":""insertion site""}";"{""it"":"""",""en"":""""}";;;insertion site;sede inserzione;;;"{""it"":""sede inserzione"",""en"":""insertion site""}";"{""it"":"""",""en"":""""}"
catheter;insertion_site_2;insertion_site_2;select;exists:_l_catheter_insertion_sites_2,id;"{""en"":""SELECT id, name_en FROM _l_catheter_insertion_sites_2 ORDER BY id"",""it"":""SELECT id, name_it FROM _l_catheter_insertion_sites_2 ORDER BY id""}";;"{""it"":""sede inserzione"",""en"":""insertion site""}";"{""it"":"""",""en"":""""}";;;insertion site;sede inserzione;;;"{""it"":""sede inserzione"",""en"":""insertion site""}";"{""it"":"""",""en"":""""}"
catheter;omentectomy;omentectomy;select;;"{"""":"""",""1"":""Y"",""2"":""N""}";;"{""it"":""omentectomia"",""en"":""omentectomy""}";"{""it"":"""",""en"":""""}";;;omentectomy;omentectomia;;;"{""it"":""omentectomia"",""en"":""omentectomy""}";"{""it"":"""",""en"":""""}"
catheter;tunnel_orientation;tunnel_orientation;select;exists:_l_catheter_tunnel_orientations,id;"{""en"":""SELECT id, name_en FROM _l_catheter_tunnel_orientations ORDER BY id"",""it"":""SELECT id, name_it FROM _l_catheter_tunnel_orientations ORDER BY id""}";;"{""it"":""orientamento tunnel"",""en"":""tunnel orientation""}";"{""it"":"""",""en"":""""}";;;tunnel orientation;orientamento tunnel;;;"{""it"":""orientamento tunnel"",""en"":""tunnel orientation""}";"{""it"":"""",""en"":""""}"
catheter;use_after_days;use_after_days;number;numeric|min:0|max:365|nullable;;;"{""it"":""utilizzo dopo giorni"",""en"":""use after days""}";"{""it"":"""",""en"":""""}";0;;use after days;utilizzo dopo giorni;;;"{""it"":""utilizzo dopo giorni"",""en"":""use after days""}";"{""it"":"""",""en"":""""}"
catheter;removal_date;removal_date;date;nullable|;;;"{""it"":""data rimozione"",""en"":""removal date""}";"{""it"":"""",""en"":""""}";;;removal date;data rimozione;;;"{""it"":""data rimozione"",""en"":""removal date""}";"{""it"":"""",""en"":""""}"
catheter;removal_reason;removal_reason;select;required_with:removal_date|exists:_l_catheter_removal_reasons,id;"{""en"":""SELECT id, name_en FROM _l_catheter_removal_reasons ORDER BY id"",""it"":""SELECT id, name_it FROM _l_catheter_removal_reasons ORDER BY id""}";;"{""it"":""motivo rimozione"",""en"":""removal reason""}";"{""it"":"""",""en"":""""}";;;removal reason;motivo rimozione;;;"{""it"":""motivo rimozione"",""en"":""removal reason""}";"{""it"":"""",""en"":""""}"
peritonitis;id;id;hidden;;;;"{""it"":""id"",""en"":""id""}";"{""it"":"""",""en"":""""}";;;id;id;;;"{""it"":""id"",""en"":""id""}";"{""it"":"""",""en"":""""}"
peritonitis;parent;parent;hidden;required|exists:treatments,id;;;"{""it"":""ciclo"",""en"":""treatment""}";"{""it"":"""",""en"":""""}";;;treatment;ciclo;;;"{""it"":""ciclo"",""en"":""treatment""}";"{""it"":"""",""en"":""""}"
peritonitis;date;date;date;required|date;;;"{""it"":""data"",""en"":""date""}";"{""it"":"""",""en"":""""}";;;date;data;;;"{""it"":""data"",""en"":""date""}";"{""it"":"""",""en"":""""}"
peritonitis;diagnoses;diagnoses;select;;"{""en"":""SELECT id, name_en FROM _l_peritonitis_diagnoses ORDER BY `order`"",""it"":""SELECT id, name_it FROM _l_peritonitis_diagnoses ORDER BY `order`""}";SELECT peritonitis_id, peritonitis_diagnosis_id FROM peritonites_diagnoses;"{""it"":""criteri diagnostici"",""en"":""diagnostic criteria""}";"{""it"":"""",""en"":""""}";;;diagnostic criteria;criteri diagnostici;;;"{""it"":""criteri diagnostici"",""en"":""diagnostic criteria""}";"{""it"":"""",""en"":""""}"
peritonitis;diagnosis_description;diagnosis_description;text;max:255;;;"{""it"":""specifica diagnosi"",""en"":""diagnosis specification""}";"{""it"":"""",""en"":""""}";;;diagnosis specification;specifica diagnosi;;;"{""it"":""specifica diagnosi"",""en"":""diagnosis specification""}";"{""it"":"""",""en"":""""}"
peritonitis;nasal_swab_germ;nasal_swab_germ;select;required|exists:_l_peritonitis_germs,id;"{""en"":""SELECT NULL as id, '' as name_en, '-' as type_en, -10 as `order` UNION SELECT id, name_en, type_en, `order` FROM _l_peritonitis_germs ORDER BY COALESCE(`order`,10)"",""it"":""SELECT NULL as id, '' as name_it, '-' as type_it, -10 as `order` UNION SELECT id, name_it, type_it, `order` FROM _l_peritonitis_germs ORDER BY COALESCE(`order`,10)""}";;"{""it"":""germe coltura tampone nasale"",""en"":""nasal swab culture germ""}";"{""it"":"""",""en"":""""}";;;nasal swab culture germ;germe coltura tampone nasale;;;"{""it"":""germe coltura tampone nasale"",""en"":""nasal swab culture germ""}";"{""it"":"""",""en"":""""}"
peritonitis;exit_site_infection;exit_site_infection;select;;"{"""":"""",""Y"":""Y"",""N"":""N""}";;"{""it"":""infezione emergenza cutanea"",""en"":""exit site infection""}";"{""it"":"""",""en"":""""}";;;exit site infection;infezione emergenza cutanea;;;"{""it"":""infezione emergenza cutanea"",""en"":""exit site infection""}";"{""it"":"""",""en"":""""}"
peritonitis;exit_site_swab_germ;exit_site_swab_germ;select;required|exists:_l_peritonitis_germs,id;"{""en"":""SELECT NULL as id, '' as name_en, '-' as type_en, -10 as `order` UNION SELECT id, name_en, type_en, `order` FROM _l_peritonitis_germs ORDER BY COALESCE(`order`,10)"",""it"":""SELECT NULL as id, '' as name_it, '-' as type_it, -10 as `order` UNION SELECT id, name_it, type_it, `order` FROM _l_peritonitis_germs ORDER BY COALESCE(`order`,10)""}";;"{""it"":""germe tampone emergenza cutanea"",""en"":""exit site swab germ""}";"{""it"":"""",""en"":""""}";;;exit site swab germ;germe tampone emergenza cutanea;;;"{""it"":""germe tampone emergenza cutanea"",""en"":""exit site swab germ""}";"{""it"":"""",""en"":""""}"
peritonitis;leakage;leakage;select;nullable;"{"""":"""",""Y"":""Y"",""N"":""N""}";;"{""it"":""leakage"",""en"":""leakage""}";"{""it"":"""",""en"":""""}";;;leakage;leakage;;;"{""it"":""leakage"",""en"":""leakage""}";"{""it"":"""",""en"":""""}"
peritonitis;other_risk_factors;other_risk_factors;text;max:255;SELECT LOWER(other_risk_factors) FROM peritonites GROUP BY LOWER(other_risk_factors) ORDER BY LOWER(other_risk_factors);;"{""it"":""altri fattori di rischio"",""en"":""other risk factors""}";"{""it"":"""",""en"":""""}";;;other risk factors;altri fattori di rischio;;;"{""it"":""altri fattori di rischio"",""en"":""other risk factors""}";"{""it"":"""",""en"":""""}"
peritonitis;date_peritoneal_liquid_culture_1;date_peritoneal_liquid_culture_1;date;date|nullable;;;"{""it"":""data coltura liquido peritoneale (1)"",""en"":""peritoneal liquid culture date (1)""}";"{""it"":"""",""en"":""""}";;;peritoneal liquid culture date (1);data coltura liquido peritoneale (1);;;"{""it"":""data coltura liquido peritoneale (1)"",""en"":""peritoneal liquid culture date (1)""}";"{""it"":"""",""en"":""""}"
peritonitis;germ_peritoneal_liquid_culture_1;germ_peritoneal_liquid_culture_1;select;;"{""en"":""SELECT NULL as id, '' as name_en, '-' as type_en, -10 as `order` UNION SELECT id, name_en, type_en, `order` FROM _l_peritonitis_germs ORDER BY COALESCE(`order`,10)"",""it"":""SELECT NULL as id, '' as name_it, '-' as type_it, -10 as `order` UNION SELECT id, name_it, type_it, `order` FROM _l_peritonitis_germs ORDER BY COALESCE(`order`,10)""}";;"{""it"":""germe coltura liquido peritoneale (1)"",""en"":""peritoneal liquid culture germ (1)""}";"{""it"":"""",""en"":""""}";;;peritoneal liquid culture germ (1);germe coltura liquido peritoneale (1);;;"{""it"":""germe coltura liquido peritoneale (1)"",""en"":""peritoneal liquid culture germ (1)""}";"{""it"":"""",""en"":""""}"
peritonitis;date_peritoneal_liquid_culture_2;date_peritoneal_liquid_culture_2;date;date|nullable;;;"{""it"":""data coltura liquido peritoneale (2)"",""en"":""peritoneal liquid culture date (2)""}";"{""it"":"""",""en"":""""}";;;peritoneal liquid culture date (2);data coltura liquido peritoneale (2);;;"{""it"":""data coltura liquido peritoneale (2)"",""en"":""peritoneal liquid culture date (2)""}";"{""it"":"""",""en"":""""}"
peritonitis;germ_peritoneal_liquid_culture_2;germ_peritoneal_liquid_culture_2;select;;"{""en"":""SELECT NULL as id, '' as name_en, '-' as type_en, -10 as `order` UNION SELECT id, name_en, type_en, `order` FROM _l_peritonitis_germs ORDER BY COALESCE(`order`,10)"",""it"":""SELECT NULL as id, '' as name_it, '-' as type_it, -10 as `order` UNION SELECT id, name_it, type_it, `order` FROM _l_peritonitis_germs ORDER BY COALESCE(`order`,10)""}";;"{""it"":""germe coltura liquido peritoneale (2)"",""en"":""peritoneal liquid culture germ (2)""}";"{""it"":"""",""en"":""""}";;;peritoneal liquid culture germ (2);germe coltura liquido peritoneale (2);;;"{""it"":""germe coltura liquido peritoneale (2)"",""en"":""peritoneal liquid culture germ (2)""}";"{""it"":"""",""en"":""""}"
peritonitis;non_culture_execution_reason;non_culture_execution_reason;text;max:100;SELECT LOWER(non_culture_execution_reason) FROM peritonites GROUP BY LOWER(non_culture_execution_reason);;"{""it"":""motivo non esecuzione coltura"",""en"":""reason for non execution of culture""}";"{""it"":"""",""en"":""""}";;;reason for non execution of culture;motivo non esecuzione coltura;;;"{""it"":""motivo non esecuzione coltura"",""en"":""reason for non execution of culture""}";"{""it"":"""",""en"":""""}"
peritonitis;hospitalization_days;hospitalization_days;number;numeric|min:0|max:365|nullable;;;"{""it"":""giorni ricovero"",""en"":""hospitalization days""}";"{""it"":"""",""en"":""""}";0;;hospitalization days;giorni ricovero;;;"{""it"":""giorni ricovero"",""en"":""hospitalization days""}";"{""it"":"""",""en"":""""}"
peritonitis;dialysis_protocol_modification;dialysis_protocol_modification;select;required;"{"""":"""",""Y"":""Y"",""N"":""N""}";;"{""it"":""modifica protocollo dialitico"",""en"":""dialysis protocol modification""}";"{""it"":"""",""en"":""""}";;;dialysis protocol modification;modifica protocollo dialitico;;;"{""it"":""modifica protocollo dialitico"",""en"":""dialysis protocol modification""}";"{""it"":"""",""en"":""""}"
peritoneal_equilibration_test;id;id;hidden;;;;"{""it"":""id"",""en"":""id""}";"{""it"":"""",""en"":""""}";;;id;id;;;"{""it"":""id"",""en"":""id""}";"{""it"":"""",""en"":""""}"
peritoneal_equilibration_test;parent;parent;hidden;required|exists:treatments,id;;;"{""it"":""ciclo"",""en"":""treatment""}";"{""it"":"""",""en"":""""}";;;treatment;ciclo;;;"{""it"":""ciclo"",""en"":""treatment""}";"{""it"":"""",""en"":""""}"
peritoneal_equilibration_test;date;date;date;required|date;;;"{""it"":""data"",""en"":""date""}";"{""it"":"""",""en"":""""}";;;date;data;;;"{""it"":""data"",""en"":""date""}";"{""it"":"""",""en"":""""}"
peritoneal_equilibration_test;dp_creatinine_2h;dp_creatinine_2h;number;numeric|min:0|max:2|nullable;;;"{""it"":""D/P creatinina 2h"",""en"":""D/P creatinine 2h""}";"{""it"":"""",""en"":""""}";2;;D/P creatinine 2h;D/P creatinina 2h;;;"{""it"":""D/P creatinina 2h"",""en"":""D/P creatinine 2h""}";"{""it"":"""",""en"":""""}"
peritoneal_equilibration_test;dd_glucose_2h;dd_glucose_2h;number;numeric|min:0|max:2|nullable;;;"{""it"":""D/D0 glucosio 2h"",""en"":""D/D0 glucose 2h""}";"{""it"":"""",""en"":""""}";2;;D/D0 glucose 2h;D/D0 glucosio 2h;;;"{""it"":""D/D0 glucosio 2h"",""en"":""D/D0 glucose 2h""}";"{""it"":"""",""en"":""""}"
peritoneal_equilibration_test;dp_creatinine_4h;dp_creatinine_4h;number;numeric|min:0|max:2|nullable;;;"{""it"":""D/P creatinina 4h"",""en"":""D/P creatinine 4h""}";"{""it"":"""",""en"":""""}";2;;D/P creatinine 4h;D/P creatinina 4h;;;"{""it"":""D/P creatinina 4h"",""en"":""D/P creatinine 4h""}";"{""it"":"""",""en"":""""}"
peritoneal_equilibration_test;dd_glucose_4h;dd_glucose_4h;number;numeric|min:0|max:2|nullable;;;"{""it"":""D/D0 glucosio 4h"",""en"":""D/D0 glucose 4h""}";"{""it"":"""",""en"":""""}";2;;D/D0 glucose 4h;D/D0 glucosio 4h;;;"{""it"":""D/D0 glucosio 4h"",""en"":""D/D0 glucose 4h""}";"{""it"":"""",""en"":""""}"
complication;id;id;hidden;;;;"{""it"":""id"",""en"":""id""}";"{""it"":"""",""en"":""""}";;;id;id;;;"{""it"":""id"",""en"":""id""}";"{""it"":"""",""en"":""""}"
complication;parent;parent;hidden;required|exists:treatments,id;;;"{""it"":""ciclo"",""en"":""treatment""}";"{""it"":"""",""en"":""""}";;;treatment;ciclo;;;"{""it"":""ciclo"",""en"":""treatment""}";"{""it"":"""",""en"":""""}"
complication;date;date;date;date;;;"{""it"":""data"",""en"":""date""}";"{""it"":"""",""en"":""""}";;;date;data;;;"{""it"":""data"",""en"":""date""}";"{""it"":"""",""en"":""""}"
complication;description;description;text;max:100;;;"{""it"":""descrizione"",""en"":""description""}";"{""it"":"""",""en"":""""}";;;description;descrizione;;;"{""it"":""descrizione"",""en"":""description""}";"{""it"":"""",""en"":""""}"
complication;hospitalization_days;hospitalization_days;number;numeric|min:0|max:365|nullable;;;"{""it"":""giorni ricovero"",""en"":""hospitalization days""}";"{""it"":"""",""en"":""""}";0;;hospitalization days;giorni ricovero;;;"{""it"":""giorni ricovero"",""en"":""hospitalization days""}";"{""it"":"""",""en"":""""}"
complication;dialysis_related;dialysis_related;select;max:1;"{""1"":""Y"",""2"":""N""}";;"{""it"":""correlata alla dialisi"",""en"":""related to dialysis""}";"{""it"":"""",""en"":""""}";;;related to dialysis;correlata alla dialisi;;;"{""it"":""correlata alla dialisi"",""en"":""related to dialysis""}";"{""it"":"""",""en"":""""}"
clinical;id;id;hidden;;;;"{""it"":""id"",""en"":""id""}";"{""it"":"""",""en"":""""}";;;id;id;;;"{""it"":""id"",""en"":""id""}";"{""it"":"""",""en"":""""}"
clinical;parent;parent;hidden;required|exists:follow_ups,id;;;"{""it"":""osservazione"",""en"":""follow up""}";"{""it"":"""",""en"":""""}";;;follow up;osservazione;;;"{""it"":""osservazione"",""en"":""follow up""}";"{""it"":"""",""en"":""""}"
clinical;weight;weight;number;required|numeric|min:1|max:200;;;"{""it"":""peso (Kg)"",""en"":""weight (Kg)""}";"{""it"":""peso (kg)"",""en"":""weight (kg)""}";1;;weight (Kg);peso (Kg);weight (kg);peso (kg);"{""it"":""peso (Kg)"",""en"":""weight (Kg)""}";"{""it"":""peso (kg)"",""en"":""weight (kg)""}"
clinical;height;height;number;required|numeric|min:50|max:250;;;"{""it"":""altezza (cm)"",""en"":""height (cm)""}";"{""it"":""statura (cm)"",""en"":""height (cm)""}";1;;height (cm);altezza (cm);height (cm);statura (cm);"{""it"":""altezza (cm)"",""en"":""height (cm)""}";"{""it"":""statura (cm)"",""en"":""height (cm)""}"
clinical;ph;ph;number;numeric|min:0|max:5|nullable;;;"{""it"":""PH"",""en"":""PH""}";"{""it"":"""",""en"":""""}";0;;PH;PH;;;"{""it"":""PH"",""en"":""PH""}";"{""it"":"""",""en"":""""}"
clinical;bg;bg;number;numeric|min:0|max:5|nullable;;;"{""it"":""B/G"",""en"":""B/G""}";"{""it"":"""",""en"":""""}";0;;B/G;B/G;;;"{""it"":""B/G"",""en"":""B/G""}";"{""it"":"""",""en"":""""}"
clinical;bp_min;bp_min;number;numeric|min:0|max:250|nullable;;;"{""it"":""pa min"",""en"":""bp min""}";"{""it"":"""",""en"":""""}";0;;bp min;pa min;;;"{""it"":""pa min"",""en"":""bp min""}";"{""it"":"""",""en"":""""}"
clinical;bp_max;bp_max;number;numeric|min:0|max:250|nullable;;;"{""it"":""pa max"",""en"":""bp max""}";"{""it"":"""",""en"":""""}";0;;bp max;pa max;;;"{""it"":""pa max"",""en"":""bp max""}";"{""it"":"""",""en"":""""}"
clinical;BSA;;number;;;;"{""it"":""BSA (m<sup>2</sup>)"",""en"":""BSA (m<sup>2</sup>)""}";"{""it"":""BSA m^2 (Haycock)"",""en"":""BSA m^2 (Haycock)""}";2;;BSA (m<sup>2</sup>);BSA (m<sup>2</sup>);BSA m^2 (Haycock);BSA m^2 (Haycock);"{""it"":""BSA (m<sup>2</sup>)"",""en"":""BSA (m<sup>2</sup>)""}";"{""it"":""BSA m^2 (Haycock)"",""en"":""BSA m^2 (Haycock)""}"
biochemical;id;id;hidden;;;;"{""it"":""id"",""en"":""id""}";"{""it"":"""",""en"":""""}";;;id;id;;;"{""it"":""id"",""en"":""id""}";"{""it"":"""",""en"":""""}"
biochemical;parent;parent;hidden;required|exists:follow_ups,id;;;"{""it"":""osservazione"",""en"":""follow up""}";"{""it"":"""",""en"":""""}";;;follow up;osservazione;;;"{""it"":""osservazione"",""en"":""follow up""}";"{""it"":"""",""en"":""""}"
biochemical;ap;ap;number;numeric|min:0|max:10000|nullable;;;"{""it"":""f.a. (Ul/l)"",""en"":""a.p. (Ul/l)""}";"{""it"":""fosfatasi alcalina"",""en"":""alkaline phosphatase""}";0;;a.p. (Ul/l);f.a. (Ul/l);alkaline phosphatase;fosfatasi alcalina;"{""it"":""f.a. (Ul/l)"",""en"":""a.p. (Ul/l)""}";"{""it"":""fosfatasi alcalina"",""en"":""alkaline phosphatase""}"
biochemical;pth;pth;number;numeric|min:0|max:10000|nullable;;;"{""it"":""PTH (pg/ml)"",""en"":""PTH (pg/ml)""}";"{""it"":""paratormone"",""en"":""parathyroid hormone ""}";0;;PTH (pg/ml);PTH (pg/ml);parathyroid hormone ;paratormone;"{""it"":""PTH (pg/ml)"",""en"":""PTH (pg/ml)""}";"{""it"":""paratormone"",""en"":""parathyroid hormone ""}"
biochemical;serum_protein;serum_protein;number;numeric|min:0|max:100|nullable;;;"{""it"":""proteinemia totale (g/dl)"",""en"":""total serum protein (g/dl)""}";"{""it"":"""",""en"":""""}";1;;total serum protein (g/dl);proteinemia totale (g/dl);;;"{""it"":""proteinemia totale (g/dl)"",""en"":""total serum protein (g/dl)""}";"{""it"":"""",""en"":""""}"
biochemical;albuminemia;albuminemia;number;numeric|min:0|max:1000|nullable;;;"{""it"":""albuminemia (g/dl)"",""en"":""albuminemia (g/dl)""}";"{""it"":"""",""en"":""""}";1;;albuminemia (g/dl);albuminemia (g/dl);;;"{""it"":""albuminemia (g/dl)"",""en"":""albuminemia (g/dl)""}";"{""it"":"""",""en"":""""}"
biochemical;haemoglobin;haemoglobin;number;numeric|min:0|max:200|nullable;;;"{""it"":""emoglobina (g/dl)"",""en"":""haemoglobin (g/dl)""}";"{""it"":"""",""en"":""""}";1;;haemoglobin (g/dl);emoglobina (g/dl);;;"{""it"":""emoglobina (g/dl)"",""en"":""haemoglobin (g/dl)""}";"{""it"":"""",""en"":""""}"
biochemical;urea;urea;number;numeric|min:0|max:1000|nullable;;;"{""it"":""urea (mg/dl)"",""en"":""urea (mg/dl)""}";"{""it"":"""",""en"":""""}";1;;urea (mg/dl);urea (mg/dl);;;"{""it"":""urea (mg/dl)"",""en"":""urea (mg/dl)""}";"{""it"":"""",""en"":""""}"
biochemical;serum_creatinine;serum_creatinine;number;numeric|min:0|max:5000|nullable;;;"{""it"":""creatinemia (mg/dl)"",""en"":""serum creatine (mg/dl)""}";"{""it"":"""",""en"":""""}";1;;serum creatine (mg/dl);creatinemia (mg/dl);;;"{""it"":""creatinemia (mg/dl)"",""en"":""serum creatine (mg/dl)""}";"{""it"":"""",""en"":""""}"
biochemical;ca;ca;number;numeric|min:0|max:2000|nullable;;;"{""it"":""Ca (mg/dl)"",""en"":""Ca (mg/dl)""}";"{""it"":"""",""en"":""""}";2;;Ca (mg/dl);Ca (mg/dl);;;"{""it"":""Ca (mg/dl)"",""en"":""Ca (mg/dl)""}";"{""it"":"""",""en"":""""}"
biochemical;p;p;number;numeric|min:0|max:2000|nullable;;;"{""it"":""P (mg/dl)"",""en"":""P (mg/dl)""}";"{""it"":"""",""en"":""""}";2;;P (mg/dl);P (mg/dl);;;"{""it"":""P (mg/dl)"",""en"":""P (mg/dl)""}";"{""it"":"""",""en"":""""}"
biochemical;hco3;hco3;number;numeric|min:0|max:500|nullable;;;"{""it"":""HCO3(Eq/l)"",""en"":""HCO3(Eq/l)""}";"{""it"":"""",""en"":""""}";1;;HCO3(Eq/l);HCO3(Eq/l);;;"{""it"":""HCO3(Eq/l)"",""en"":""HCO3(Eq/l)""}";"{""it"":"""",""en"":""""}"
biochemical;renal_per_week_ktv_urea;renal_per_week_ktv_urea;number;numeric|min:0|max:1000|nullable;;;"{""it"":""kt/v urea settimanale renale"",""en"":""renal weekly urea kt/v ""}";"{""it"":"""",""en"":""""}";2;;renal weekly urea kt/v ;kt/v urea settimanale renale;;;"{""it"":""kt/v urea settimanale renale"",""en"":""renal weekly urea kt/v ""}";"{""it"":"""",""en"":""""}"
biochemical;dialytic_per_week_ktv_urea;dialytic_per_week_ktv_urea;number;numeric|min:0|max:1000|nullable;;;"{""it"":""kt/v urea settimanale dialitico"",""en"":""dialytic weekly urea kt/v ""}";"{""it"":"""",""en"":""""}";1;;dialytic weekly urea kt/v ;kt/v urea settimanale dialitico;;;"{""it"":""kt/v urea settimanale dialitico"",""en"":""dialytic weekly urea kt/v ""}";"{""it"":"""",""en"":""""}"
biochemical;renal_creatinine_clearance;renal_creatinine_clearance;number;numeric|min:0|max:200|nullable;;;"{""it"":""clearance creatinina renale (l/sett/1.73 m2)"",""en"":""renal creatinine clearance (l/week/1.73 m2)""}";"{""it"":"""",""en"":""""}";1;;renal creatinine clearance (l/week/1.73 m2);clearance creatinina renale (l/sett/1.73 m2);;;"{""it"":""clearance creatinina renale (l/sett/1.73 m2)"",""en"":""renal creatinine clearance (l/week/1.73 m2)""}";"{""it"":"""",""en"":""""}"
biochemical;dialytic_creatinine_clearance;dialytic_creatinine_clearance;number;numeric|min:0|max:200|nullable;;;"{""it"":""clearance creatinina dialitico (l/sett/1.73 m2)"",""en"":""dialytic creatinine clearance (l/week/1.73 m2)""}";"{""it"":"""",""en"":""""}";1;;dialytic creatinine clearance (l/week/1.73 m2);clearance creatinina dialitico (l/sett/1.73 m2);;;"{""it"":""clearance creatinina dialitico (l/sett/1.73 m2)"",""en"":""dialytic creatinine clearance (l/week/1.73 m2)""}";"{""it"":"""",""en"":""""}"
biochemical;ultrafiltration;ultrafiltration;number;numeric|min:0|max:5000|nullable;;;"{""it"":""ultrafiltrazione (ml/die)"",""en"":""ultrafiltration (ml/die)""}";"{""it"":"""",""en"":""""}";1;;ultrafiltration (ml/die);ultrafiltrazione (ml/die);;;"{""it"":""ultrafiltrazione (ml/die)"",""en"":""ultrafiltration (ml/die)""}";"{""it"":"""",""en"":""""}"
biochemical;hcv;hcv;select;;"[""-"",""+"",""""]";;"{""it"":""HCV"",""en"":""HCV""}";"{""it"":"""",""en"":""""}";;;HCV;HCV;;;"{""it"":""HCV"",""en"":""HCV""}";"{""it"":"""",""en"":""""}"
biochemical;hb_s_ag;hb_s_ag;select;;"[""-"",""+"",""""]";;"{""it"":""HBsAg"",""en"":""HBsAg""}";"{""it"":""antigene di superficie epatite B"",""en"":""Hepatitis B surface antigen""}";;;HBsAg;HBsAg;Hepatitis B surface antigen;antigene di superficie epatite B;"{""it"":""HBsAg"",""en"":""HBsAg""}";"{""it"":""antigene di superficie epatite B"",""en"":""Hepatitis B surface antigen""}"
biochemical;hiv;hiv;select;;"[""-"",""+"",""""]";;"{""it"":""HIV"",""en"":""HIV""}";"{""it"":"""",""en"":""""}";;;HIV;HIV;;;"{""it"":""HIV"",""en"":""HIV""}";"{""it"":"""",""en"":""""}"
biochemical;diuresis;diuresis;number;numeric|min:0|max:5000|nullable;;;"{""it"":""diuresi(ml/die)"",""en"":""diuresis (ml/die)""}";"{""it"":"""",""en"":""""}";0;;diuresis (ml/die);diuresi(ml/die);;;"{""it"":""diuresi(ml/die)"",""en"":""diuresis (ml/die)""}";"{""it"":"""",""en"":""""}"
pd_prescription;id;id;hidden;;;;"{""it"":""id"",""en"":""id""}";"{""it"":"""",""en"":""""}";;;id;id;;;"{""it"":""id"",""en"":""id""}";"{""it"":"""",""en"":""""}"
pd_prescription;parent;parent;hidden;required|exists:follow_ups,id;;;"{""it"":""osservazione"",""en"":""follow up""}";"{""it"":"""",""en"":""""}";;;follow up;osservazione;;;"{""it"":""osservazione"",""en"":""follow up""}";"{""it"":"""",""en"":""""}"
pd_prescription;standard_loading;;number;numeric|min:0|max:2000|nullable;;;"{""it"":""carico standard (ml/m<sup>2</sup>)"",""en"":""standard loading (ml/m<sup>2</sup>)""}";"{""it"":"""",""en"":""""}";;;standard loading (ml/m<sup>2</sup>);carico standard (ml/m<sup>2</sup>);;;"{""it"":""carico standard (ml/m<sup>2</sup>)"",""en"":""standard loading (ml/m<sup>2</sup>)""}";"{""it"":"""",""en"":""""}"
pd_prescription;exchanges_number;exchanges_number;number;numeric|min:0|max:100|nullable;;;"{""it"":""numero scambi"",""en"":""exchanges number""}";"{""it"":"""",""en"":""""}";;;exchanges number;numero scambi;;;"{""it"":""numero scambi"",""en"":""exchanges number""}";"{""it"":"""",""en"":""""}"
pd_prescription;swab_type;swab_type;select;exists:_l_pd_swab_types,id|nullable;"{""en"":""SELECT NULL as id,'-' as name_en UNION SELECT id, name_en FROM _l_pd_swab_types ORDER BY id"",""it"":""SELECT NULL as id,'-' as name_it UNION SELECT id, name_it FROM _l_pd_swab_types ORDER BY id""}";;"{""it"":""tipo tampone"",""en"":""swab type""}";"{""it"":"""",""en"":""""}";;;swab type;tipo tampone;;;"{""it"":""tipo tampone"",""en"":""swab type""}";"{""it"":"""",""en"":""""}"
pd_prescription;average_glucose_concentration;average_glucose_concentration;number;numeric|min:0|max:3.86|nullable;;;"{""it"":""concentrazione media glucosio (%)"",""en"":""average glucose concentration (%)""}";"{""it"":""% concentrazione media glucosio"",""en"":""% average glucose concentration ""}";2;;average glucose concentration (%);concentrazione media glucosio (%);% average glucose concentration ;% concentrazione media glucosio;"{""it"":""concentrazione media glucosio (%)"",""en"":""average glucose concentration (%)""}";"{""it"":""% concentrazione media glucosio"",""en"":""% average glucose concentration ""}"
pd_prescription;tidal_volume;tidal_volume;number;numeric|min:0|max:99|nullable;;;"{""it"":""volume tidal"",""en"":""tidal volume""}";"{""it"":""volume tidal %"",""en"":""tidal volume %""}";0;;tidal volume;volume tidal;tidal volume %;volume tidal %;"{""it"":""volume tidal"",""en"":""tidal volume""}";"{""it"":""volume tidal %"",""en"":""tidal volume %""}"
pd_prescription;last_loading;last_loading;number;numeric|min:0|max:100|nullable;;;"{""it"":""ultimo carico (% carico standard)"",""en"":""last loading (% of standard loading)""}";"{""it"":""ultimo carico (percentuale del carico standard)"",""en"":""last loading (as a percentage of standard loading)""}";0;;last loading (% of standard loading);ultimo carico (% carico standard);last loading (as a percentage of standard loading);ultimo carico (percentuale del carico standard);"{""it"":""ultimo carico (% carico standard)"",""en"":""last loading (% of standard loading)""}";"{""it"":""ultimo carico (percentuale del carico standard)"",""en"":""last loading (as a percentage of standard loading)""}"
pd_prescription;solution_type;solution_type;select;exists:_l_pd_solutions,id|nullable;"{""en"":""SELECT NULL as id,'-' as name_en UNION SELECT id, name_en FROM _l_pd_solutions ORDER BY id"",""it"":""SELECT NULL as id,'-' as name_it UNION SELECT id, name_it FROM _l_pd_solutions ORDER BY id""}";;"{""it"":""tipo di soluzione ultimo carico"",""en"":""last loading solution type""}";"{""it"":"""",""en"":""""}";;;solution type;tipo di soluzione;;;"{""it"":""tipo di soluzione"",""en"":""solution type""}";"{""it"":"""",""en"":""""}"
pd_prescription;dialysis_duration;dialysis_duration;number;numeric|min:0|max:1440|nullable;;;"{""it"":""durata dialisi (min)"",""en"":""dialysis duration (min)""}";"{""it"":""durata dialisi in minuti"",""en"":""dialysis duration in minutes""}";0;;dialysis duration (min);durata dialisi (min);dialysis duration in minutes;durata dialisi in minuti;"{""it"":""durata dialisi (min)"",""en"":""dialysis duration (min)""}";"{""it"":""durata dialisi in minuti"",""en"":""dialysis duration in minutes""}"
pd_prescription;apd_peritoneal_fluid_discharge;apd_peritoneal_fluid_discharge;select;"in: ""Y"",""N"",""""";"{"""":""-"",""Y"":""Y"",""N"":""N""}";;"{""it"":""scarico liquido peritoneale all'attacco in APD"",""en"":""peritoneal fluid discharge at APD start""}";"{""it"":"""",""en"":""""}";;;peritoneal fluid discharge at APD start;scarico liquido peritoneale all'attacco in APD;;;"{""it"":""scarico liquido peritoneale all'attacco in APD"",""en"":""peritoneal fluid discharge at APD start""}";"{""it"":"""",""en"":""""}"
pd_prescription;loading_volume;loading_volume;number;numeric|min:0|max:5000|nullable;;;"{""it"":""volume di carico (ml)"",""en"":""loading_volume (ml)""}";"{""it"":"""",""en"":""""}";;;loading_volume (ml);volume di carico (ml);;;"{""it"":""volume di carico (ml)"",""en"":""loading_volume (ml)""}";"{""it"":"""",""en"":""""}"
hd_prescription;id;id;hidden;;;;"{""it"":""id"",""en"":""id""}";"{""it"":"""",""en"":""""}";;;id;id;;;"{""it"":""id"",""en"":""id""}";"{""it"":"""",""en"":""""}"
hd_prescription;parent;parent;hidden;required|exists:follow_ups,id;;;"{""it"":""osservazione"",""en"":""follow up""}";"{""it"":"""",""en"":""""}";;;follow up;osservazione;;;"{""it"":""osservazione"",""en"":""follow up""}";"{""it"":"""",""en"":""""}"
hd_prescription;sessions_per_week;sessions_per_week;number;numeric|min:1|max:7|nullable;;;"{""it"":""sedute settmanali"",""en"":""sessions per week""}";"{""it"":"""",""en"":""""}";;;sessions per week;sedute settmanali;;;"{""it"":""sedute settmanali"",""en"":""sessions per week""}";"{""it"":"""",""en"":""""}"
hd_prescription;session_duration;session_duration;number;numeric|min:1|max:12|nullable;;;"{""it"":""durata seduta (h)"",""en"":""session duration (h)""}";"{""it"":"""",""en"":""""}";;;session duration (h);durata seduta (h);;;"{""it"":""durata seduta (h)"",""en"":""session duration (h)""}";"{""it"":"""",""en"":""""}"
hd_prescription;membrane_type;membrane_type;select;exists:_l_hd_membrane_types,id|nullable;"{""en"":""SELECT NULL as id,'-' as name_en UNION SELECT id, name_en FROM _l_hd_membrane_types ORDER BY id"",""it"":""SELECT NULL as id,'-' as name_it UNION SELECT id, name_it FROM _l_hd_membrane_types  ORDER BY id""}";;"{""it"":""tipo membrana"",""en"":""membrane type""}";"{""it"":"""",""en"":""""}";;;membrane type;tipo membrana;;;"{""it"":""tipo membrana"",""en"":""membrane type""}";"{""it"":"""",""en"":""""}"
hd_prescription;filter_surface;filter_surface;number;numeric|min:0|max:2|nullable;NULL;;"{""it"":""superficie filtro (m<sup>2</sup>)"",""en"":""filter surface (m<sup>2</sup>)""}";"{""it"":"""",""en"":""""}";2;;filter surface (m<sup>2</sup>);superficie filtro (m<sup>2</sup>);;;"{""it"":""superficie filtro (m<sup>2</sup>)"",""en"":""filter surface (m<sup>2</sup>)""}";"{""it"":"""",""en"":""""}"
hd_prescription;blood_flow;blood_flow;number;numeric|min:0|max:500|nullable;;;"{""it"":""flusso ematico (ml/min)"",""en"":""blood flow (ml/min)""}";"{""it"":"""",""en"":""""}";;;blood flow (ml/min);flusso ematico (ml/min);;;"{""it"":""flusso ematico (ml/min)"",""en"":""blood flow (ml/min)""}";"{""it"":"""",""en"":""""}"
hd_prescription;modality;modality;select;exists:_l_hd_modalities,id|nullable;"{""en"":""SELECT NULL as id,'-' as name_en UNION SELECT id, name_en FROM _l_hd_modalities ORDER BY id"",""it"":""SELECT NULL as id,'-' as name_it UNION SELECT id, name_it FROM _l_hd_modalities ORDER BY id""}";;"{""it"":""modalità"",""en"":""modality""}";"{""it"":"""",""en"":""""}";;;modality;modalità;;;"{""it"":""modalità"",""en"":""modality""}";"{""it"":"""",""en"":""""}"
therapy;id;id;hidden;;;;"{""it"":""id"",""en"":""id""}";"{""it"":"""",""en"":""""}";;;id;id;;;"{""it"":""id"",""en"":""id""}";"{""it"":"""",""en"":""""}"
therapy;parent;parent;hidden;required|exists:follow_ups,id;;;"{""it"":""osservazione"",""en"":""follow up""}";"{""it"":"""",""en"":""""}";;;follow up;osservazione;;;"{""it"":""osservazione"",""en"":""follow up""}";"{""it"":"""",""en"":""""}"
therapy;type;type;select;required|exists:_l_therapies,id;"{""en"":""SELECT id, name_en FROM (SELECT NULL as id, '' AS name_en, -1 as  `order`UNION SELECT id,name_en,`order` FROM _l_therapies ORDER BY `order`) drug"",""it"":""SELECT id, name_it FROM (SELECT NULL as id, '' AS name_it, -1 as  `order`UNION SELECT id,name_it,`order` FROM _l_therapies ORDER BY `order`) drug""}";;"{""it"":""tipo"",""en"":""type""}";"{""it"":"""",""en"":""""}";;;type;tipo;;;"{""it"":""tipo"",""en"":""type""}";"{""it"":"""",""en"":""""}"
therapy;specification;specification;text;max:50;;;"{""it"":""specifica"",""en"":""specifics""}";"{""it"":"""",""en"":""""}";;;specifics;specifica;;;"{""it"":""specifica"",""en"":""specifics""}";"{""it"":"""",""en"":""""}"
therapy;dose;dose;number;numeric|min:0|max:10000|nullable;;;"{""it"":""dose"",""en"":""dose""}";"{""it"":"""",""en"":""""}";2;;dose;dose;;;"{""it"":""dose"",""en"":""dose""}";"{""it"":"""",""en"":""""}"
therapy;calc_dose;calc_dose;number;numeric|min:0|max:10000|nullable;;;"{""it"":""dose"",""en"":""calculated ""}";"{""it"":"""",""en"":""""}";2;;calculated ;dose;;;"{""it"":""dose"",""en"":""calculated ""}";"{""it"":"""",""en"":""""}"
therapy;num;num;number;numeric|min:1|max:100|nullable;;;"{""it"":""volte"",""en"":""times""}";"{""it"":"""",""en"":""""}";0;;times;volte;;;"{""it"":""volte"",""en"":""times""}";"{""it"":"""",""en"":""""}"
therapy;administration_via;administration_via;select;;;;"{""it"":""via di somministrazione"",""en"":""administration via""}";"{""it"":"""",""en"":""""}";;;administration via;via di somministrazione;;;"{""it"":""via di somministrazione"",""en"":""administration via""}";"{""it"":"""",""en"":""""}"
therapy;den;den;number;numeric|min:1|max:100|nullable;;;"{""it"":""ogni"",""en"":""every""}";"{""it"":"""",""en"":""""}";0;;every;ogni;;;"{""it"":""ogni"",""en"":""every""}";"{""it"":"""",""en"":""""}"
therapy;period;period;select;;;;"{""it"":""periodo"",""en"":""period""}";"{""it"":"""",""en"":""""}";0;;period;periodo;;;"{""it"":""periodo"",""en"":""period""}";"{""it"":"""",""en"":""""}"
catheter_medication;id;id;hidden;;;;"{""it"":""id"",""en"":""id""}";"{""it"":"""",""en"":""""}";;;id;id;;;"{""it"":""id"",""en"":""id""}";"{""it"":"""",""en"":""""}"
catheter_medication;parent;parent;hidden;required|exists:catheters,id;;;"{""it"":""catetere"",""en"":""catheter""}";"{""it"":"""",""en"":""""}";;;catheter;catetere;;;"{""it"":""catetere"",""en"":""catheter""}";"{""it"":"""",""en"":""""}"
catheter_medication;date;date;date;required|date;;;"{""it"":""data"",""en"":""date""}";"{""it"":"""",""en"":""""}";;;date;data;;;"{""it"":""data"",""en"":""date""}";"{""it"":"""",""en"":""""}"
catheter_medication;disinfectant_type_1;disinfectant_type_1;select;required|exists:_l_catheter_disinfectants,id;"{""en"":""SELECT NULL as id, '' AS name_en UNION (SELECT id, name_en FROM _l_catheter_disinfectants ORDER BY `order`)"",""it"":""SELECT NULL as id, '' AS name_it UNION (SELECT id, name_it FROM _l_catheter_disinfectants ORDER BY `order`)""}";;"{""it"":""tipo disinfettante 1"",""en"":""disinfectant type 1""}";"{""it"":"""",""en"":""""}";;;disinfectant type 1;tipo disinfettante 1;;;"{""it"":""tipo disinfettante 1"",""en"":""disinfectant type 1""}";"{""it"":"""",""en"":""""}"
catheter_medication;disinfectant_type_2;disinfectant_type_2;select;nullable|exists:_l_catheter_disinfectants,id;"{""en"":""SELECT NULL as id, '' AS name_en UNION (SELECT id, name_en FROM _l_catheter_disinfectants ORDER BY `order`)"",""it"":""SELECT NULL as id, '' AS name_it UNION (SELECT id, name_it FROM _l_catheter_disinfectants ORDER BY `order`)""}";;"{""it"":""tipo disinfettante 2"",""en"":""disinfectant type 2""}";"{""it"":"""",""en"":""""}";;;disinfectant type 2;tipo disinfettante 2;;;"{""it"":""tipo disinfettante 2"",""en"":""disinfectant type 2""}";"{""it"":"""",""en"":""""}"
catheter_medication;every_x_days;every_x_days;number;numeric|min:0|max:100|nullable;;;"{""it"":""somministrazione ogni"",""en"":""administration every ""}";"{""it"":""somministrazione ogni (giorni)"",""en"":""administration every (days)""}";0;;administration every ;somministrazione ogni;administration every (days);somministrazione ogni (giorni);"{""it"":""somministrazione ogni"",""en"":""administration every ""}";"{""it"":""somministrazione ogni (giorni)"",""en"":""administration every (days)""}"
catheter_complication;id;id;hidden;;;;"{""it"":""id"",""en"":""id""}";"{""it"":"""",""en"":""""}";;;id;id;;;"{""it"":""id"",""en"":""id""}";"{""it"":"""",""en"":""""}"
catheter_complication;parent;parent;hidden;required|exists:catheters,id;;;"{""it"":""catetere"",""en"":""catheter""}";"{""it"":"""",""en"":""""}";;;catheter;catetere;;;"{""it"":""catetere"",""en"":""catheter""}";"{""it"":"""",""en"":""""}"
catheter_complication;date;date;date;required|date;;;"{""it"":""data"",""en"":""date""}";"{""it"":"""",""en"":""""}";;;date;data;;;"{""it"":""data"",""en"":""date""}";"{""it"":"""",""en"":""""}"
catheter_complication;type;type;select;required|exists:_l_catheter_complications,id;"{""en"":""SELECT id, name_en FROM _l_catheter_complications ORDER BY `order`"",""it"":""SELECT id, name_it FROM _l_catheter_complications ORDER BY `order`""}";;"{""it"":""complicanza"",""en"":""complication""}";"{""it"":"""",""en"":""""}";;;complication;complicanza;;;"{""it"":""complicanza"",""en"":""complication""}";"{""it"":"""",""en"":""""}"
catheter_complication;specifics;specifics;text;max:70;;;"{""it"":""specifica"",""en"":""specifics""}";"{""it"":"""",""en"":""""}";;;specifics;specifica;;;"{""it"":""specifica"",""en"":""specifics""}";"{""it"":"""",""en"":""""}"
catheter_complication;symptoms;symptoms;select;max:50;"{""en"":""SELECT id, name_en, type_en FROM _l_catheter_complication_symptoms ORDER BY id"",""it"":""SELECT id, name_it, type_it FROM _l_catheter_complication_symptoms ORDER BY id""}";SELECT catheter_complication_id, symptom_id FROM catheter_complications_symptoms;"{""it"":""sintomi"",""en"":""symptoms""}";"{""it"":"""",""en"":""""}";;;symptoms;sintomi;;;"{""it"":""sintomi"",""en"":""symptoms""}";"{""it"":"""",""en"":""""}"
catheter_complication;symptoms_specifics;symptoms_specifics;text;max:70;;;"{""it"":""specifica sintomi"",""en"":""symptoms (specifics)""}";"{""it"":"""",""en"":""""}";;;symptoms (specifics);specifica sintomi;;;"{""it"":""specifica sintomi"",""en"":""symptoms (specifics)""}";"{""it"":"""",""en"":""""}"
peritonitis_therapy;id;id;hidden;;;;"{""it"":""id"",""en"":""id""}";"{""it"":"""",""en"":""""}";;;id;id;;;"{""it"":""id"",""en"":""id""}";"{""it"":"""",""en"":""""}"
peritonitis_therapy;parent;parent;hidden;required;;;"{""it"":""peritonite"",""en"":""peritonitis""}";"{""it"":"""",""en"":""""}";;;peritonitis;peritonite;;;"{""it"":""peritonite"",""en"":""peritonitis""}";"{""it"":"""",""en"":""""}"
peritonitis_therapy;start_date;start_date;date;required|date;;;"{""it"":""inizio"",""en"":""start""}";"{""it"":"""",""en"":""""}";;;start;inizio;;;"{""it"":""inizio"",""en"":""start""}";"{""it"":"""",""en"":""""}"
peritonitis_therapy;end_date;end_date;date;date|nullable;;;"{""it"":""fine"",""en"":""end""}";"{""it"":"""",""en"":""""}";;;end;fine;;;"{""it"":""fine"",""en"":""end""}";"{""it"":"""",""en"":""""}"
peritonitis_therapy;drug;drug;select;required|exists:_l_peritonitis_therapies,id;"{""en"":""SELECT id, name_en FROM _l_peritonitis_therapies ORDER BY name_en"",""it"":""SELECT id, name_it FROM _l_peritonitis_therapies ORDER BY name_it""}";;"{""it"":""terapia"",""en"":""therapy""}";"{""it"":"""",""en"":""""}";;;therapy;terapia;;;"{""it"":""terapia"",""en"":""therapy""}";"{""it"":"""",""en"":""""}"
peritonitis_therapy;dose;dose;number;numeric|min:0|max:100000|nullable;;;"{""it"":""dose"",""en"":""dose""}";"{""it"":"""",""en"":""""}";2;;dose;dose;;;"{""it"":""dose"",""en"":""dose""}";"{""it"":"""",""en"":""""}"
peritonitis_therapy;administration_via;administration_via;select;;"{""en"":""SELECT id, name_en FROM _l_drug_administration_via WHERE peritonitis_therapies=1 ORDER BY `order`"",""it"":""SELECT id, name_it FROM _l_drug_administration_via WHERE peritonitis_therapies=1 ORDER BY `order`""}";;"{""it"":""somministratione via"",""en"":""drug administration via""}";"{""it"":"""",""en"":""""}";;;drug administration via;somministratione via;;;"{""it"":""somministratione via"",""en"":""drug administration via""}";"{""it"":"""",""en"":""""}"
peritonitis_therapy;intermittent;intermittent;select;;"{"""":""-"",""Y"":""Y"",""N"":""N""}";;"{""it"":""intermittenza"",""en"":""intermittent""}";"{""it"":"""",""en"":""""}";;;intermittent;intermittenza;;;"{""it"":""intermittenza"",""en"":""intermittent""}";"{""it"":"""",""en"":""""}"
peritonitis_therapy;loading_dose_administration;loading_dose_administration;select;;"{"""":""-"",""Y"":""Y"",""N"":""N""}";;"{""it"":""somministrazione dose carico"",""en"":""loading dose administration""}";"{""it"":"""",""en"":""""}";;;loading dose administration;somministrazione dose carico;;;"{""it"":""somministrazione dose carico"",""en"":""loading dose administration""}";"{""it"":"""",""en"":""""}"
center;id;id;hidden;;;;"{""it"":""id"",""en"":""id""}";"{""it"":"""",""en"":""""}";;;id;id;;;"{""it"":""id"",""en"":""id""}";"{""it"":"""",""en"":""""}"
center;code;code;text;required|max:10;;;"{""it"":""codice"",""en"":""code""}";"{""it"":"""",""en"":""""}";;;code;codice;;;"{""it"":""codice"",""en"":""code""}";"{""it"":"""",""en"":""""}"
center;unit;unit;text;max:50;;;"{""it"":""unità"",""en"":""unit""}";"{""it"":"""",""en"":""""}";;;unit;unità;;;"{""it"":""unità"",""en"":""unit""}";"{""it"":"""",""en"":""""}"
center;institute;institute;text;required|max:100;;;"{""it"":""istituto"",""en"":""institute""}";"{""it"":"""",""en"":""""}";;;institute;istituto;;;"{""it"":""istituto"",""en"":""institute""}";"{""it"":"""",""en"":""""}"
center;address;address;;max:50;;;"{""it"":""indirizzo"",""en"":""address""}";"{""it"":"""",""en"":""""}";;;address;indirizzo;;;"{""it"":""indirizzo"",""en"":""address""}";"{""it"":"""",""en"":""""}"
center;city;city;;max:30;;;"{""it"":""città"",""en"":""city""}";"{""it"":"""",""en"":""""}";;;city;città;;;"{""it"":""città"",""en"":""city""}";"{""it"":"""",""en"":""""}"
center;province;province;select;exists:_l_provinces,id;SELECT id, name FROM _l_provinces ORDER BY id;;"{""it"":""provincia"",""en"":""province""}";"{""it"":"""",""en"":""""}";;;province;provincia;;;"{""it"":""provincia"",""en"":""province""}";"{""it"":"""",""en"":""""}"
user_update;id;id;hidden;;;;"{""it"":""id"",""en"":""id""}";"{""it"":"""",""en"":""""}";;;id;id;;;"{""it"":""id"",""en"":""id""}";"{""it"":"""",""en"":""""}"
user_update;center;center;select;;"SELECT id, CONCAT (code,"" "",COALESCE(institute,""""),"" "" ,COALESCE (city,"""")) from centers ORDER BY code";;"{""it"":""centro"",""en"":""center""}";"{""it"":"""",""en"":""""}";;;center;centro;;;"{""it"":""centro"",""en"":""center""}";"{""it"":"""",""en"":""""}"
user_update;username;username;text;required|max:80;;;"{""it"":""username"",""en"":""username""}";"{""it"":"""",""en"":""""}";;;username;username;;;"{""it"":""username"",""en"":""username""}";"{""it"":"""",""en"":""""}"
user_update;email;email;text;max:40|email;;;"{""it"":""email"",""en"":""email""}";"{""it"":"""",""en"":""""}";;;email;email;;;"{""it"":""email"",""en"":""email""}";"{""it"":"""",""en"":""""}"
user_update;privilege;privilege;select;required;"[""user"",""superuser""]";;"{""it"":""livello"",""en"":""level""}";"{""it"":"""",""en"":""""}";;;level;livello;;;"{""it"":""livello"",""en"":""level""}";"{""it"":"""",""en"":""""}"
user_update;telephone;telephone;text;;;;"{""it"":""telefono"",""en"":""telephone""}";"{""it"":"""",""en"":""""}";;;telephone;telefono;;;"{""it"":""telefono"",""en"":""telephone""}";"{""it"":"""",""en"":""""}"
user_update;active;active;checkbox;;;;"{""it"":""abilitato"",""en"":""enabled""}";"{""it"":"""",""en"":""""}";;;enabled;abilitato;;;"{""it"":""abilitato"",""en"":""enabled""}";"{""it"":"""",""en"":""""}"
user_update;mailing_list;mailing_list;checkbox;;;;"{""it"":""mailing list"",""en"":""mailing lists""}";"{""it"":""utente incluso/escluso dalle mailing list"",""en"":""user included/excluded from mailing lists""}";;;mailing lists;mailing list;user included/excluded from mailing lists;utente incluso/escluso dalle mailing list;"{""it"":""mailing list"",""en"":""mailing lists""}";"{""it"":""utente incluso/escluso dalle mailing list"",""en"":""user included/excluded from mailing lists""}"
patients_oldcenter;id;id;hidden;;;;"{""it"":""id"",""en"":""id""}";"{""it"":"""",""en"":""""}";;;id;id;;;"{""it"":""id"",""en"":""id""}";"{""it"":"""",""en"":""""}"
patients_oldcenter;center_id;center_id;select;;"{""en"":""SELECT NULL AS id, 'outside of Registry (specify)' AS centers_description UNION SELECT id, centers_description FROM centers_"",""it"":""SELECT NULL AS id, 'non del Registro (specificare)' AS centers_description UNION SELECT id, centers_description FROM centers_""}";;"{""it"":""centro"",""en"":""center""}";"{""it"":""centro del paziente nel periodo specificato"",""en"":""center following the patient in the specified period""}";;;center;centro;center following the patient in the specified period;centro del paziente nel periodo specificato;"{""it"":""centro"",""en"":""center""}";"{""it"":""centro del paziente nel periodo specificato"",""en"":""center following the patient in the specified period""}"
patients_oldcenter;parent;parent;hidden;;;;"{""it"":""patient"",""en"":""patient""}";"{""it"":"""",""en"":""""}";;;patient;patient;;;"{""it"":""patient"",""en"":""patient""}";"{""it"":"""",""en"":""""}"
patients_oldcenter;end_date;end_date;date;required|date;;;"{""it"":""fino al"",""en"":""until""}";"{""it"":"""",""en"":""""}";;;until;fino al;;;"{""it"":""fino al"",""en"":""until""}";"{""it"":"""",""en"":""""}"
patients_oldcenter;other_center;other_center;text;;;;"{""it"":""patient_id"",""en"":""patient_id""}";"{""it"":"""",""en"":""""}";;;patient_id;patient_id;;;"{""it"":""patient_id"",""en"":""patient_id""}";"{""it"":"""",""en"":""""}"
